Loc_ID,Project,latitude,longitude,Status,Building Type
1042934107,Coleman,31.82096835,-99.41907374,Unserved,Home
1042934111,Coleman,31.81427078,-99.41980672,Unserved,Residential
1042934116,Coleman,31.83118847,-99.43254009,Unserved,Home
1042934117,Coleman,31.77528788,-99.7106458,Unserved,Residential
1042934119,Coleman,31.82180744,-99.42008984,Unserved,Home
1042934124,Coleman,31.82688194,-99.41955679,Unserved,Residential
1042934125,Coleman,31.817492,-99.42125196,Unserved,Home
1042934134,Coleman,31.8144117,-99.41779051,Unserved,Residential
1042934137,Coleman,31.81289254,-99.4276845,Unserved,Residential
1042934142,Coleman,31.82422678,-99.43733957,Unserved,Home
1042934144,Coleman,31.82486774,-99.41647848,Unserved,Residential
1042934150,Coleman,31.82178743,-99.42641248,Unserved,CAI
1042934155,Coleman,31.81382664,-99.42930677,Unserved,Home
1042934161,Coleman,31.81563882,-99.4186406,Unserved,Residential
1042934163,Coleman,31.81430879,-99.42928476,Unserved,Home
1042934170,Coleman,31.82132749,-99.42112395,Unserved,Residential
1042934177,Coleman,31.82092235,-99.41744058,Unserved,Home
1042934195,Coleman,31.81838719,-99.42021286,Unserved,Residential
1042934196,Coleman,31.83074833,-99.43224006,Unserved,Home
1042934197,Coleman,31.81484074,-99.4306398,Unserved,Residential
1042934204,Coleman,31.82750101,-99.43317815,Unserved,Residential
1042934209,Coleman,31.82986124,-99.43684542,Unserved,Home
1042934215,Coleman,31.82569782,-99.43445628,Unserved,Residential
1042934216,Coleman,31.82882014,-99.42852869,Unserved,CAI
1042934219,Coleman,31.81655691,-99.42009584,Unserved,Home
1042934226,Coleman,31.82754101,-99.41950179,Unserved,Residential
1042936315,Coleman,31.82796105,-99.43279001,Unserved,Home
1042936316,Coleman,31.82856211,-99.42747358,Unserved,Residential
1042936332,Coleman,31.82795605,-99.42651749,Unserved,Home
1042936333,Coleman,31.82532689,-99.43482822,Unserved,Residential
1042936342,Coleman,31.81715107,-99.42250109,Unserved,Home
1042936344,Coleman,31.82934729,-99.43428926,Unserved,Residential
1042936347,Coleman,31.81603696,-99.4176955,Unserved,Residential
1042936352,Coleman,31.81873213,-99.41946278,Unserved,Home
1042936362,Coleman,31.82222758,-99.4396677,Unserved,Residential
1042936366,Coleman,31.8294182,-99.42755159,Unserved,CAI
1042936373,Coleman,32.0714004,-99.2036391,Unserved,Home
1042936379,Coleman,31.82749,-99.43151799,Unserved,Residential
1042936382,Coleman,31.82753201,-99.4256623,Unserved,Home
1042936385,Coleman,31.82329868,-99.42745158,Unserved,Residential
1042936391,Coleman,31.81922728,-99.41907874,Unserved,Home
1042936395,Coleman,31.8214404,-99.41940678,Unserved,Residential
1042936401,Coleman,31.82392265,-99.4236841,Unserved,Home
1042936408,Coleman,31.82837019,-99.42852869,Unserved,Residential
1042936409,Coleman,31.81337069,-99.41812865,Unserved,Residential
1042936411,Coleman,31.82393865,-99.42844068,Unserved,Home
1042936415,Coleman,31.81471173,-99.41531237,Unserved,Residential
1042936416,Coleman,31.8224505,-99.41821766,Unserved,CAI
1042936419,Coleman,31.84598785,-99.41035687,Unserved,Home
1042936421,Coleman,31.82435279,-99.43208404,Unserved,Residential
1042936425,Coleman,31.83027238,-99.43018485,Unserved,Home
1042936429,Coleman,31.83078733,-99.43119095,Unserved,Residential
1042936431,Coleman,31.82557181,-99.42993473,Unserved,Home
1042936434,Coleman,31.83013037,-99.43933977,Unserved,Residential
1042936445,Coleman,31.82796205,-99.4306848,Unserved,Home
1042936449,Coleman,31.82654091,-99.42989572,Unserved,Residential
1042936453,Coleman,31.81556881,-99.41634047,Unserved,Residential
1042936456,Coleman,31.82258851,-99.43206204,Unserved,Home
1042936461,Coleman,31.81603196,-99.41810165,Unserved,Residential
1042936468,Coleman,31.81625198,-99.42629046,Unserved,CAI
1042936481,Coleman,31.8134516,-99.42971271,Unserved,Home
1042936484,Coleman,31.82099135,-99.41957879,Unserved,Residential
1042936490,Coleman,31.89622698,-99.45909574,Unserved,Home
1042936491,Coleman,31.82987624,-99.4306398,Unserved,Residential
1042936496,Coleman,31.81999725,-99.43045688,Unserved,Home
1042936497,Coleman,31.82129148,-99.43987872,Unserved,Residential
1042936500,Coleman,31.81871013,-99.42581732,Unserved,Home
1042936502,Coleman,31.82429178,-99.42847868,Unserved,Residential
1042936513,Coleman,31.81469672,-99.42103994,Unserved,Residential
1042936516,Coleman,31.8234566,-99.43133997,Unserved,Home
1042936520,Coleman,31.84165742,-99.42693443,Unserved,Residential
1042936522,Coleman,31.81097835,-99.4286516,Unserved,CAI
1042936523,Coleman,31.83075133,-99.43049088,Unserved,Home
1042936525,Coleman,31.82230159,-99.43515635,Unserved,Residential
1042936528,Coleman,31.81889114,-99.41911275,Unserved,Home
1042936531,Coleman,31.82176743,-99.41946778,Unserved,Residential
1042936535,Coleman,31.81891715,-99.41428926,Unserved,Home
1042936541,Coleman,31.82172843,-99.43254009,Unserved,Residential
1042936542,Coleman,31.82298755,-99.43180192,Unserved,Home
1042936546,Coleman,31.827422,-99.43344018,Unserved,Residential
1042936547,Coleman,31.81962122,-99.41949078,Unserved,Residential
1042936548,Coleman,31.81317267,-99.42535137,Unserved,Home
1042936557,Coleman,31.8144267,-99.42053989,Unserved,Residential
1042936564,Coleman,31.82856211,-99.41844068,Unserved,CAI
1042936575,Coleman,31.84264752,-99.4266124,Unserved,Home
1042936582,Coleman,31.82939629,-99.43151799,Unserved,Residential
1042936587,Coleman,31.82832219,-99.4296737,Unserved,Home
1042936588,Coleman,31.81556681,-99.42930677,Unserved,Residential
1042936589,Coleman,31.82127848,-99.41856269,Unserved,Home
1042936591,Coleman,31.82881214,-99.41928476,Unserved,Residential
1042936597,Coleman,31.81379863,-99.41746258,Unserved,Home
1042936612,Coleman,31.81472173,-99.42843468,Unserved,Residential
1042936624,Coleman,31.82579183,-99.42551239,Unserved,Residential
1042936634,Coleman,31.82938729,-99.4306898,Unserved,Home
1042936639,Coleman,31.82610197,-99.42894563,Unserved,Residential
1042936640,Coleman,31.81661192,-99.41950179,Unserved,CAI
1042936643,Coleman,31.8394562,-99.42910675,Unserved,Home
1042936644,Coleman,31.81298155,-99.42970171,Unserved,Residential
1042936655,Coleman,31.82320168,-99.41733457,Unserved,Home
1042936656,Coleman,31.82408776,-99.42808964,Unserved,Residential
1042936661,Coleman,31.81768102,-99.43120196,Unserved,Home
1042936662,Coleman,31.82392065,-99.43672841,Unserved,Residential
1042936665,Coleman,31.82313067,-99.42643948,Unserved,Home
1042936670,Coleman,31.82795705,-99.41952379,Unserved,Residential
1042936680,Coleman,31.81097035,-99.42470621,Unserved,Residential
1042936693,Coleman,31.81887214,-99.41627346,Unserved,Home
1042936700,Coleman,31.82213857,-99.41925176,Unserved,Residential
1042936701,Coleman,31.81508086,-99.41519535,Unserved,CAI
1042936702,Coleman,31.82532889,-99.43317315,Unserved,Home
1042936715,Coleman,31.81604196,-99.41829066,Unserved,Residential
1042936719,Coleman,31.8154968,-99.42590633,Unserved,Home
1042936726,Coleman,31.8234476,-99.43107894,Unserved,Residential
1042936731,Coleman,31.8234516,-99.42889062,Unserved,Home
1042936732,Coleman,31.8284571,-99.43326716,Unserved,Residential
1042936734,Coleman,31.82170143,-99.43594533,Unserved,Home
1042936737,Coleman,31.81292155,-99.43008984,Unserved,Residential
1042936739,Coleman,32.07288854,-99.20888462,Unserved,Residential
1042936747,Coleman,31.82522888,-99.42548438,Unserved,Home
1042936748,Coleman,31.81256151,-99.43005684,Unserved,Residential
1042936752,Coleman,31.82380064,-99.43721756,Unserved,CAI
1042936761,Coleman,31.82414177,-99.43021286,Unserved,Home
1042936764,Coleman,31.81199145,-99.40332317,Unserved,Residential
1042936767,Coleman,31.81157141,-99.43008984,Unserved,Home
1042936769,Coleman,31.81701706,-99.41727856,Unserved,Residential
1042936779,Coleman,31.82613697,-99.42873961,Unserved,Home
1042936789,Coleman,31.82702706,-99.43214505,Unserved,Residential
1042936790,Coleman,31.81885714,-99.4176565,Unserved,Home
1042936793,Coleman,31.83080134,-99.43175691,Unserved,Residential
1042936794,Coleman,31.82434779,-99.42334517,Unserved,Residential
1042936799,Coleman,31.8304173,-99.43127896,Unserved,Home
1042936802,Coleman,31.82791805,-99.43384012,Unserved,Residential
1042936803,Coleman,31.82434879,-99.41684042,Unserved,CAI
1042936805,Coleman,31.82315267,-99.42926276,Unserved,Home
1042936809,Coleman,31.82298655,-99.43280602,Unserved,Residential
1042936810,Coleman,31.82697795,-99.42912375,Unserved,Home
1042936815,Coleman,31.80860812,-99.43047388,Unserved,Residential
1042936822,Coleman,31.81468072,-99.42759559,Unserved,Home
1042936823,Coleman,31.83058231,-99.4316849,Unserved,Residential
1042936824,Coleman,31.82760102,-99.42646748,Unserved,Home
1042936826,Coleman,31.83117847,-99.43006284,Unserved,Residential
1042936827,Coleman,31.81555081,-99.42143998,Unserved,Residential
1042936828,Coleman,31.81455771,-99.42108994,Unserved,Home
1042936839,Coleman,31.82383264,-99.43158499,Unserved,Residential
1042936843,Coleman,31.82702706,-99.4246342,Unserved,CAI
1042936846,Coleman,31.82569082,-99.43382812,Unserved,Home
1042936847,Coleman,31.827438,-99.41904074,Unserved,Residential
1042936849,Coleman,31.82586884,-99.42326216,Unserved,Home
1042936859,Coleman,31.82318167,-99.42025686,Unserved,Residential
1042936867,Coleman,31.8204503,-99.4306958,Unserved,Home
1042936870,Coleman,31.87077233,-99.45674041,Unserved,Residential
1042936872,Coleman,31.82295755,-99.42745658,Unserved,Home
1042936873,Coleman,31.827451,-99.42744558,Unserved,Residential
1042936880,Coleman,31.82577883,-99.42498423,Unserved,Residential
1042936881,Coleman,31.81965022,-99.42541738,Unserved,Home
1042936895,Coleman,31.82132149,-99.41832367,Unserved,Residential
1042936901,Coleman,31.81700806,-99.41708454,Unserved,CAI
1042936903,Coleman,31.82700606,-99.42001784,Unserved,Home
1042936906,Coleman,31.81988624,-99.43113995,Unserved,Residential
1042936915,Coleman,31.81337169,-99.41784552,Unserved,Home
1042936919,Coleman,31.82295055,-99.43452829,Unserved,Residential
1042936921,Coleman,31.82262752,-99.43777851,Unserved,Home
1042936925,Coleman,31.82257851,-99.43017385,Unserved,Residential
1042936927,Coleman,31.9864679,-99.62247808,Unserved,Home
1042936931,Coleman,31.83377763,-99.42850169,Unserved,Residential
1042936933,Coleman,31.82130849,-99.42997373,Unserved,Residential
1042936934,Coleman,31.81910827,-99.42218405,Unserved,Home
1042936935,Coleman,31.82703806,-99.42785152,Unserved,Residential
1042936949,Coleman,31.81538289,-99.42004084,Unserved,CAI
1042936950,Coleman,31.82976123,-99.42988972,Unserved,Home
1042936951,Coleman,31.82491675,-99.42853969,Unserved,Residential
1042936959,Coleman,31.81830819,-99.41854069,Unserved,Home
1042936963,Coleman,31.82263852,-99.42747358,Unserved,Residential
1042936964,Coleman,31.82760602,-99.41893963,Unserved,Home
1042936966,Coleman,31.82518187,-99.42387812,Unserved,Residential
1042936970,Coleman,31.82793005,-99.43149598,Unserved,Home
1042936972,Coleman,31.82416077,-99.42643948,Unserved,Residential
1042936980,Coleman,31.82611797,-99.43424526,Unserved,Residential
1042936982,Coleman,31.81261252,-99.42945178,Unserved,Home
1042936988,Coleman,32.07422878,-99.20788452,Unserved,Residential
1042936991,Coleman,31.82609696,-99.43049588,Unserved,CAI
1042936997,Coleman,31.82352161,-99.41991273,Unserved,Home
1042936999,Coleman,31.81885714,-99.42539037,Unserved,Residential
1042937002,Coleman,31.81876613,-99.42012885,Unserved,Home
1042937006,Coleman,31.82865012,-99.43323916,Unserved,Residential
1042937008,Coleman,31.81377163,-99.42587832,Unserved,Home
1042937011,Coleman,31.86358761,-99.41699043,Unserved,Residential
1042937012,Coleman,31.81920128,-99.42270101,Unserved,Home
1042937015,Coleman,31.8134116,-99.41854569,Unserved,Residential
1042937018,Coleman,31.81839819,-99.4176405,Unserved,Residential
1042937022,Coleman,31.83058831,-99.42854069,Unserved,Home
1042937025,Coleman,31.95916227,-99.63625146,Unserved,Residential
1042937029,Coleman,31.81502186,-99.41656749,Unserved,CAI
1042937031,Coleman,31.81874013,-99.42219505,Unserved,Home
1042937033,Coleman,31.81479773,-99.42089082,Unserved,Residential
1042937038,Coleman,31.8264489,-99.4316519,Unserved,Home
1042937039,Coleman,31.81175143,-99.43008984,Unserved,Residential
1042937043,Coleman,31.81421278,-99.42808464,Unserved,Home
1042937047,Coleman,31.81965122,-99.4166784,Unserved,Residential
1042937057,Coleman,31.82160142,-99.43834567,Unserved,Home
1042937058,Coleman,31.82986124,-99.42926776,Unserved,Residential
1042937063,Coleman,31.81324168,-99.42094583,Unserved,Residential
1042937071,Coleman,31.81561882,-99.41938477,Unserved,Home
1042937072,Coleman,31.82521888,-99.42885162,Unserved,Residential
1042937073,Coleman,31.81397765,-99.41430127,Unserved,CAI
1042937074,Coleman,31.81117147,-99.43008984,Unserved,Home
1042937075,Coleman,31.82261152,-99.42084582,Unserved,Residential
1042937079,Coleman,31.81869012,-99.4216069,Unserved,Home
1042937089,Coleman,31.8234416,-99.4206348,Unserved,Residential
1042937095,Coleman,31.84226258,-99.44048488,Unserved,Home
1042937100,Coleman,31.81479073,-99.42159599,Unserved,Residential
1042937103,Coleman,31.82790205,-99.42805164,Unserved,Home
1042937105,Coleman,31.8284581,-99.43826266,Unserved,Residential
1042937108,Coleman,31.84091235,-99.42354019,Unserved,Residential
1042937109,Coleman,31.82656091,-99.43803964,Unserved,Home
1042937110,Coleman,31.82222758,-99.42895663,Unserved,Residential
1042937111,Coleman,31.82474773,-99.4316679,Unserved,CAI
1042937112,Coleman,31.81751101,-99.4206678,Unserved,Home
1042937120,Coleman,31.81750801,-99.42848468,Unserved,Residential
1042937131,Coleman,31.82974723,-99.42853469,Unserved,Home
1042937133,Coleman,31.81600796,-99.41710155,Unserved,Residential
1042937144,Coleman,31.83595885,-99.43638447,Unserved,Home
1042937147,Coleman,31.81079133,-99.42208904,Unserved,Residential
1042937149,Coleman,31.81970023,-99.43113995,Unserved,Home
1042937150,Coleman,31.80276753,-99.42716755,Unserved,Residential
1042937154,Coleman,31.82260052,-99.43281702,Unserved,Residential
1042937173,Coleman,31.82213157,-99.43134597,Unserved,Home
1042937191,Coleman,31.81308166,-99.42046788,Unserved,Residential
1042937193,Coleman,31.81906026,-99.41272801,Unserved,CAI
1042937198,Coleman,31.82157141,-99.4306238,Unserved,Home
1042937204,Coleman,31.82474273,-99.43185192,Unserved,Residential
1042937209,Coleman,31.81717107,-99.41517835,Unserved,Home
1042937212,Coleman,31.81657191,-99.42532337,Unserved,Residential
1042937227,Coleman,31.81820118,-99.422678,Unserved,Home
1042937229,Coleman,31.82392765,-99.42913475,Unserved,Residential
1042937234,Coleman,31.82473873,-99.42386212,Unserved,Home
1042937242,Coleman,31.82092735,-99.42940178,Unserved,Residential
1042937247,Coleman,31.96815617,-99.62343918,Unserved,Residential
1042937266,Coleman,31.82919827,-99.43635147,Unserved,Home
1042937267,Coleman,31.80663292,-99.41678441,Unserved,Residential
1042937272,Coleman,31.8264879,-99.42848968,Unserved,CAI
1042937273,Coleman,31.81261152,-99.42624546,Unserved,Home
1042937278,Coleman,31.82154241,-99.43655149,Unserved,Residential
1042937280,Coleman,31.81797105,-99.41222306,Unserved,Home
1042937281,Coleman,31.82796105,-99.42683442,Unserved,Residential
1042937284,Coleman,31.8294302,-99.43379511,Unserved,Home
1042937286,Coleman,31.81150041,-99.4306178,Unserved,Residential
1042937291,Coleman,31.83863712,-99.43012385,Unserved,Home
1042937301,Coleman,31.81789704,-99.41813465,Unserved,Residential
1042937309,Coleman,31.8224615,-99.42843468,Unserved,Residential
1042937316,Coleman,31.817498,-99.41907374,Unserved,Home
1042937323,Coleman,31.82613197,-99.42851269,Unserved,Residential
1042937325,Coleman,31.81176643,-99.42952879,Unserved,CAI
1042937329,Coleman,31.817451,-99.43033487,Unserved,Home
1042937330,Coleman,31.82260252,-99.43998473,Unserved,Residential
1042937340,Coleman,31.8234076,-99.43029086,Unserved,Home
1042937345,Coleman,31.77096735,-99.71737857,Unserved,Residential
1042937347,Coleman,31.81514087,-99.42571731,Unserved,Home
1042937348,Coleman,31.81525688,-99.42273901,Unserved,Residential
1042937350,Coleman,31.82437879,-99.43135197,Unserved,Home
1042937357,Coleman,31.8234016,-99.43278901,Unserved,Residential
1042937365,Coleman,31.81835219,-99.42905174,Unserved,Residential
1042937369,Coleman,31.81250851,-99.4286846,Unserved,Home
1042937378,Coleman,31.83075033,-99.42999573,Unserved,Residential
1042937386,Coleman,31.8144427,-99.41837367,Unserved,CAI
1042937387,Coleman,31.82392865,-99.4306738,Unserved,Home
1042937394,Coleman,31.81601696,-99.41729556,Unserved,Residential
1042937396,Coleman,31.82774103,-99.43875661,Unserved,Home
1042937399,Coleman,31.81112047,-99.4306398,Unserved,Residential
1042937402,Coleman,31.82536189,-99.43788952,Unserved,Home
1042937413,Coleman,31.82515087,-99.42482822,Unserved,Residential
1042937414,Coleman,31.82229258,-99.43905174,Unserved,Home
1042937415,Coleman,31.81473773,-99.41625646,Unserved,Residential
1042937422,Coleman,31.82693795,-99.42886762,Unserved,Residential
1042937427,Coleman,31.8244327,-99.43797353,Unserved,Home
1042937429,Coleman,31.82777803,-99.43534037,Unserved,Residential
1042937430,Coleman,31.8154628,-99.4286846,Unserved,CAI
1042937435,Coleman,31.81156041,-99.41452829,Unserved,Home
1042937440,Coleman,31.82472173,-99.42338917,Unserved,Residential
1042937441,Coleman,31.82213057,-99.43180692,Unserved,Home
1042937442,Coleman,31.88639799,-99.39799053,Unserved,Residential
1042937446,Coleman,31.8224465,-99.43843968,Unserved,Home
1042937456,Coleman,31.82383064,-99.43279501,Unserved,Residential
1042937463,Coleman,31.81554181,-99.42072381,Unserved,Home
1042937471,Coleman,31.81960822,-99.41606244,Unserved,Residential
1042937487,Coleman,31.82002736,-99.43111295,Unserved,Residential
1042937488,Coleman,31.82657091,-99.42002884,Unserved,Home
1042937498,Coleman,31.81874113,-99.42781252,Unserved,Residential
1042937503,Coleman,31.81663192,-99.4176905,Unserved,CAI
1042937504,Coleman,31.81629098,-99.42212805,Unserved,Home
1042937505,Coleman,31.82128648,-99.42002884,Unserved,Residential
1042937507,Coleman,31.82610797,-99.42774551,Unserved,Home
1042937521,Coleman,31.82560282,-99.42915175,Unserved,Residential
1042937524,Coleman,31.82261252,-99.44046288,Unserved,Home
1042937530,Coleman,31.82131149,-99.43114595,Unserved,Residential
1042937536,Coleman,31.82564682,-99.42950679,Unserved,Home
1042937539,Coleman,31.81741,-99.41713955,Unserved,Residential
1042937540,Coleman,31.81592185,-99.42056789,Unserved,Residential
1042937546,Coleman,31.817471,-99.4216909,Unserved,Home
1042937552,Coleman,31.80700006,-99.42820666,Unserved,Residential
1042937562,Coleman,31.82576183,-99.42848968,Unserved,CAI
1042937563,Coleman,31.81822118,-99.41815665,Unserved,Home
1042937564,Coleman,31.8404883,-99.5776735,Unserved,Residential
1042937569,Coleman,31.82177743,-99.4306568,Unserved,Home
1042937574,Coleman,31.8214964,-99.43879561,Unserved,Residential
1042937575,Coleman,31.82881014,-99.43702854,Unserved,Home
1042937581,Coleman,31.82655891,-99.4306738,Unserved,Residential
1042937585,Coleman,31.83739109,-99.4296237,Unserved,Home
1042937591,Coleman,31.8264179,-99.43109094,Unserved,Residential
1042937592,Coleman,31.81663692,-99.41730657,Unserved,Residential
1042937594,Coleman,31.82878213,-99.43115195,Unserved,Home
1042937605,Coleman,31.817488,-99.42905174,Unserved,Residential
1042937608,Coleman,31.82299755,-99.42910175,Unserved,CAI
1042937617,Coleman,31.81555781,-99.41699043,Unserved,Home
1042937631,Coleman,31.82572783,-99.43155699,Unserved,Residential
1042937633,Coleman,31.84195245,-99.43107394,Unserved,Home
1042937636,Coleman,31.82612097,-99.42970671,Unserved,Residential
1042937638,Coleman,31.82934029,-99.43693943,Unserved,Home
1042937645,Coleman,31.82260252,-99.43134097,Unserved,Residential
1042937647,Coleman,31.81432879,-99.42735157,Unserved,Home
1042937650,Coleman,31.82570883,-99.43486222,Unserved,Residential
1042937655,Coleman,31.81787104,-99.4196567,Unserved,Residential
1042937657,Coleman,31.807412,-99.41745158,Unserved,Home
1042937664,Coleman,31.81339169,-99.41877861,Unserved,Residential
1042937677,Coleman,31.82782104,-99.43490123,Unserved,CAI
1042937678,Coleman,31.81206856,-99.43025186,Unserved,Home
1042937680,Coleman,31.82792805,-99.41848468,Unserved,Residential
1042937683,Coleman,31.8504973,-99.4406458,Unserved,Home
1042937686,Coleman,31.81262752,-99.4296787,Unserved,Residential
1042937690,Coleman,31.82277153,-99.43878961,Unserved,Home
1042937691,Coleman,31.82214057,-99.42783952,Unserved,Residential
1042937694,Coleman,31.82477873,-99.43818465,Unserved,Home
1042937700,Coleman,31.82923728,-99.43490123,Unserved,Residential
1042937703,Coleman,31.81660792,-99.42125696,Unserved,Residential
1042937710,Coleman,31.81488174,-99.41682342,Unserved,Home
1042937714,Coleman,31.81833719,-99.43040188,Unserved,Residential
1042937718,Coleman,31.82612097,-99.42801764,Unserved,CAI
1042937722,Coleman,31.80309166,-99.4286456,Unserved,Home
1042937731,Coleman,31.82296755,-99.43254509,Unserved,Residential
1042937733,Coleman,31.75683794,-99.42370111,Unserved,Home
1042937734,Coleman,31.82471173,-99.43146798,Unserved,Residential
1042937739,Coleman,31.8124475,-99.43059089,Unserved,Home
1042937748,Coleman,31.81963222,-99.41906274,Unserved,Residential
1042937753,Coleman,31.81922128,-99.42004584,Unserved,Home
1042937761,Coleman,31.81317267,-99.42004084,Unserved,Residential
1042937765,Coleman,31.82597285,-99.41898463,Unserved,Residential
1042937769,Coleman,31.81129148,-99.41138997,Unserved,Home
1042937774,Coleman,31.81335769,-99.41755659,Unserved,Residential
1042937791,Coleman,31.82312767,-99.42844568,Unserved,CAI
1042937796,Coleman,31.81463072,-99.4216399,Unserved,Home
1042937797,Coleman,31.82821718,-99.43879061,Unserved,Residential
1042937798,Coleman,31.81303866,-99.42125196,Unserved,Home
1042937799,Coleman,31.82433079,-99.42439527,Unserved,Residential
1042937804,Coleman,31.82312167,-99.42699043,Unserved,Home
1042937807,Coleman,31.81522288,-99.41454029,Unserved,Residential
1042937811,Coleman,31.82652191,-99.43010185,Unserved,Home
1042937817,Coleman,31.8294562,-99.43049588,Unserved,Residential
1042937821,Coleman,31.81329768,-99.42904574,Unserved,Residential
1042937822,Coleman,31.81135249,-99.43007384,Unserved,Home
1042937830,Coleman,31.82653191,-99.42021286,Unserved,Residential
1042937834,Coleman,31.82431779,-99.41744558,Unserved,CAI
1042937835,Coleman,31.81953821,-99.42877361,Unserved,Home
1042937839,Coleman,31.81706606,-99.41932877,Unserved,Residential
1042937862,Coleman,31.82674893,-99.42008484,Unserved,Home
1042937863,Coleman,31.8154568,-99.42833967,Unserved,Residential
1042937866,Coleman,31.81297655,-99.42533937,Unserved,Home
1042937872,Coleman,31.81786104,-99.42124596,Unserved,Residential
1042937873,Coleman,31.82746,-99.43533937,Unserved,Home
1042937875,Coleman,31.86074633,-99.41490623,Unserved,Residential
1042937877,Coleman,31.82128048,-99.41970671,Unserved,Residential
1042937880,Coleman,31.81492775,-99.42146798,Unserved,Home
1042937886,Coleman,31.81001136,-99.41533437,Unserved,Residential
1042937897,Coleman,31.83119147,-99.43297803,Unserved,CAI
1042937898,Coleman,31.81892815,-99.41378411,Unserved,Home
1042937906,Coleman,31.827437,-99.42786752,Unserved,Residential
1042937910,Coleman,31.81589884,-99.41338417,Unserved,Home
1042937911,Coleman,31.81261152,-99.42811265,Unserved,Residential
1042937918,Coleman,31.82213657,-99.42800664,Unserved,Home
1042937919,Coleman,31.81662292,-99.4276625,Unserved,Residential
1042937925,Coleman,31.8394682,-99.42755159,Unserved,Home
1042937931,Coleman,31.82996825,-99.43346218,Unserved,Residential
1042937935,Coleman,31.827458,-99.43017385,Unserved,Residential
1042937937,Coleman,31.81410177,-99.41459029,Unserved,Home
1042937940,Coleman,31.81412777,-99.42008984,Unserved,Residential
1042937946,Coleman,31.82211157,-99.42699043,Unserved,CAI
1042937948,Coleman,31.82596885,-99.42847368,Unserved,Home
1042937951,Coleman,31.81663792,-99.41691243,Unserved,Residential
1042937956,Coleman,31.81787604,-99.42243908,Unserved,Home
1042937960,Coleman,31.8294362,-99.43021786,Unserved,Residential
1042937968,Coleman,31.84228758,-99.42657849,Unserved,Home
1042937981,Coleman,31.81487274,-99.41748458,Unserved,Residential
1042937990,Coleman,31.82609896,-99.43316215,Unserved,Home
1042937991,Coleman,31.81554681,-99.41573931,Unserved,Residential
1042937997,Coleman,31.86275653,-99.41870661,Unserved,Residential
1042938008,Coleman,31.82877813,-99.42807364,Unserved,Home
1042938013,Coleman,31.81608796,-99.41890163,Unserved,Residential
1042938027,Coleman,31.82832119,-99.42757859,Unserved,CAI
1042938036,Coleman,31.82986124,-99.43258909,Unserved,Home
1042938039,Coleman,31.81425178,-99.41533437,Unserved,Residential
1042938040,Coleman,31.87801716,-99.41411225,Unserved,Home
1042938049,Coleman,31.817431,-99.42938977,Unserved,Residential
1042938051,Coleman,31.81317267,-99.43316215,Unserved,Home
1042938059,Coleman,31.82796105,-99.4206238,Unserved,Residential
1042938080,Coleman,31.80236659,-99.41451729,Unserved,Home
1042938082,Coleman,31.81316867,-99.41585132,Unserved,Residential
1042938084,Coleman,31.81293655,-99.42722856,Unserved,Residential
1042938086,Coleman,31.81916227,-99.4196737,Unserved,Home
1042938087,Coleman,31.82423878,-99.42705154,Unserved,Residential
1042938089,Coleman,31.81293755,-99.42571231,Unserved,CAI
1042938093,Coleman,31.82671793,-99.41954579,Unserved,Home
1042938108,Coleman,31.81791005,-99.41909574,Unserved,Residential
1042938110,Coleman,31.8284971,-99.43115695,Unserved,Home
1042938119,Coleman,31.81835819,-99.42856269,Unserved,Residential
1042938133,Coleman,31.83120648,-99.43181792,Unserved,Home
1042938135,Coleman,31.827448,-99.41785152,Unserved,Residential
1042938139,Coleman,31.81662092,-99.41710655,Unserved,Home
1042938145,Coleman,31.82093035,-99.43111795,Unserved,Residential
1042938150,Coleman,31.81727108,-99.42742358,Unserved,Residential
1042938156,Coleman,31.81600196,-99.4196787,Unserved,Home
1042938167,Coleman,31.82516187,-99.43840168,Unserved,Residential
1042938168,Coleman,31.8204103,-99.42541738,Unserved,CAI
1042938169,Coleman,31.82991025,-99.42852869,Unserved,Home
1042938171,Coleman,31.81811217,-99.42014085,Unserved,Residential
1042938177,Coleman,31.82573183,-99.43197893,Unserved,Home
1042938180,Coleman,31.8204573,-99.43002384,Unserved,Residential
1042938187,Coleman,31.82836719,-99.42811265,Unserved,Home
1042938190,Coleman,31.82260152,-99.42902374,Unserved,Residential
1042938196,Coleman,31.82181144,-99.42049088,Unserved,Home
1042938200,Coleman,31.82521188,-99.42022386,Unserved,Residential
1042938202,Coleman,31.82130249,-99.42585132,Unserved,Residential
1042938206,Coleman,31.82089134,-99.4306568,Unserved,Home
1042938224,Coleman,31.82570283,-99.43426226,Unserved,Residential
1042938226,Coleman,31.82518687,-99.42643948,Unserved,CAI
1042938228,Coleman,31.82260652,-99.43230607,Unserved,Home
1042938231,Coleman,31.82864012,-99.41792853,Unserved,Residential
1042938239,Coleman,31.8204573,-99.4176785,Unserved,Home
1042938241,Coleman,31.98886614,-99.63539537,Unserved,Residential
1042938242,Coleman,31.75597785,-99.67077881,Unserved,Home
1042938255,Coleman,31.82382164,-99.42584532,Unserved,Residential
1042938265,Coleman,31.75684794,-99.42323416,Unserved,Home
1042938266,Coleman,31.82289054,-99.43853969,Unserved,Residential
1042938277,Coleman,31.82474273,-99.43106294,Unserved,Residential
1042938280,Coleman,31.8244807,-99.42803964,Unserved,Home
1042938288,Coleman,31.82173743,-99.43157899,Unserved,Residential
1042938292,Coleman,31.80731109,-99.41784552,Unserved,CAI
1042938294,Coleman,31.81514887,-99.42726256,Unserved,Home
1042938296,Coleman,31.82215757,-99.42859069,Unserved,Residential
1042938305,Coleman,31.82691295,-99.43705154,Unserved,Home
1042938309,Coleman,31.82572683,-99.42582832,Unserved,Residential
1042938313,Coleman,31.81790105,-99.4166904,Unserved,Home
1042938324,Coleman,31.82523188,-99.42976771,Unserved,Residential
1042938327,Coleman,31.82274753,-99.4366454,Unserved,Home
1414637526,Coleman,31.82038039,-99.43112895,Unserved,Residential
1414637534,Coleman,31.82077733,-99.4196897,Unserved,Residential
1414637544,Coleman,31.82378763,-99.4246012,Unserved,Home
1414637547,Coleman,31.81817117,-99.41732357,Unserved,Residential
1414637550,Coleman,31.81566782,-99.42217805,Unserved,CAI
1414637557,Coleman,31.82864612,-99.42779551,Unserved,Home
1414637559,Coleman,31.82768702,-99.43440128,Unserved,Residential
1414637561,Coleman,31.83695895,-99.42586232,Unserved,Home
1414637566,Coleman,32.07397065,-99.2036171,Unserved,Residential
1414637569,Coleman,31.8134616,-99.42716755,Unserved,Home
1414637576,Coleman,31.82431179,-99.43044588,Unserved,Residential
1414637579,Coleman,31.83076233,-99.42885162,Unserved,Home
1414637580,Coleman,31.84178743,-99.42795653,Unserved,Residential
1414637585,Coleman,31.81922728,-99.41393413,Unserved,Residential
1414637587,Coleman,31.81914027,-99.41472821,Unserved,Home
1414637598,Coleman,31.82768202,-99.43018485,Unserved,Residential
1414637601,Coleman,31.82651891,-99.42687342,Unserved,CAI
1414637603,Coleman,31.81666192,-99.42258909,Unserved,Home
1414637608,Coleman,31.82415077,-99.43150699,Unserved,Residential
1414637613,Coleman,31.82321168,-99.41994573,Unserved,Home
1414637617,Coleman,31.82124748,-99.42246708,Unserved,Residential
1414637623,Coleman,31.82431179,-99.42912375,Unserved,Home
1414637630,Coleman,31.81727708,-99.4196347,Unserved,Residential
1414637647,Coleman,31.81654891,-99.41855169,Unserved,Home
1414637651,Coleman,31.81130149,-99.4306458,Unserved,Residential
1414637652,Coleman,31.81015737,-99.42222306,Unserved,Residential
1414637654,Coleman,31.82097135,-99.42008984,Unserved,Home
1414637656,Coleman,31.81291755,-99.42589032,Unserved,Residential
1414637661,Coleman,31.81504886,-99.43036287,Unserved,CAI
1414637669,Coleman,31.81719107,-99.42941278,Unserved,Home
1414637671,Coleman,31.8234916,-99.41975671,Unserved,Residential
1414637673,Coleman,31.82776103,-99.42607844,Unserved,Home
1414637676,Coleman,31.82835219,-99.42797353,Unserved,Residential
1414637681,Coleman,31.7734206,-99.69430627,Unserved,Home
1414637687,Coleman,31.81311267,-99.4286846,Unserved,Residential
1414637689,Coleman,31.81806616,-99.42970671,Unserved,Home
1414637691,Coleman,31.82696295,-99.42585132,Unserved,Residential
1414637694,Coleman,31.82958721,-99.42776751,Unserved,Residential
1414637700,Coleman,31.81728708,-99.42678941,Unserved,Home
1414637706,Coleman,31.82607196,-99.43250109,Unserved,Residential
1414637707,Coleman,31.81712707,-99.42605644,Unserved,CAI
1414637710,Coleman,31.81304866,-99.42835167,Unserved,Home
1414637713,Coleman,31.82174143,-99.4256233,Unserved,Residential
1414637717,Coleman,31.8154528,-99.42276201,Unserved,Home
1414637729,Coleman,31.82952621,-99.42983972,Unserved,Residential
1414637734,Coleman,31.81384764,-99.42221206,Unserved,Home
1414637748,Coleman,31.81789004,-99.41730657,Unserved,Residential
1414637750,Coleman,32.07317867,-99.20918475,Unserved,Home
1414637752,Coleman,31.81506286,-99.41445128,Unserved,Residential
1414637758,Coleman,31.80701106,-99.42026786,Unserved,Residential
1414637763,Coleman,31.82835719,-99.42783452,Unserved,Home
1414637765,Coleman,31.82691695,-99.41890663,Unserved,Residential
1414637769,Coleman,31.82327168,-99.43126796,Unserved,CAI
1472551689,Coleman,31.76089134,-99.64202304,Unserved,Home
1472551790,Coleman,31.77907726,-99.71141298,Unserved,Residential
1472551794,Coleman,31.77821018,-99.71390613,Unserved,Home
1472551981,Coleman,31.81365762,-99.39944578,Unserved,Residential
1472551987,Coleman,31.81269652,-99.39919575,Unserved,Home
1472551988,Coleman,31.81274753,-99.39979071,Unserved,Residential
1472551990,Coleman,31.81080634,-99.39951779,Unserved,Home
1472551991,Coleman,31.81232159,-99.39840168,Unserved,Residential
1472551992,Coleman,31.80991225,-99.39797353,Unserved,Residential
1472551993,Coleman,31.81056731,-99.3976905,Unserved,Home
1472552000,Coleman,31.8264319,-99.42780152,Unserved,Residential
1472552002,Coleman,31.82670193,-99.43432327,Unserved,CAI
1472552003,Coleman,31.82684194,-99.43006784,Unserved,Home
1472552004,Coleman,31.82685894,-99.43074081,Unserved,Residential
1472552005,Coleman,31.82669892,-99.4306628,Unserved,Home
1472552006,Coleman,31.82660192,-99.42339017,Unserved,Residential
1472552007,Coleman,31.82632799,-99.43597833,Unserved,Home
1472552008,Coleman,31.82653191,-99.42708954,Unserved,Residential
1472552009,Coleman,31.82663792,-99.42711255,Unserved,Home
1472552012,Coleman,31.8264719,-99.41828966,Unserved,Residential
1472552013,Coleman,31.82607896,-99.41804064,Unserved,Residential
1472552014,Coleman,31.82612697,-99.41893963,Unserved,Home
1472552015,Coleman,31.82562082,-99.41953979,Unserved,Residential
1472552016,Coleman,31.8264429,-99.41955179,Unserved,CAI
1472552017,Coleman,31.82672193,-99.41895663,Unserved,Home
1472552021,Coleman,31.82598885,-99.42005184,Unserved,Residential
1472552034,Coleman,31.81521788,-99.41800164,Unserved,Home
1472552035,Coleman,31.81513787,-99.41847868,Unserved,Residential
1472552060,Coleman,31.83738209,-99.43035187,Unserved,Home
1472552061,Coleman,31.83769102,-99.42957879,Unserved,Residential
1472552062,Coleman,31.83753701,-99.42953479,Unserved,Home
1472552063,Coleman,31.83756801,-99.42988472,Unserved,Residential
1472552091,Coleman,31.86113247,-99.41488422,Unserved,Residential
1472552092,Coleman,31.857427,-99.41721256,Unserved,Home
1472552116,Coleman,31.907492,-99.46195193,Unserved,Residential
1472552137,Coleman,31.84314767,-99.43103494,Unserved,CAI
1472552139,Coleman,31.84354261,-99.42974071,Unserved,Home
1472552145,Coleman,31.81696795,-99.42226706,Unserved,Residential
1472552146,Coleman,31.81498675,-99.42271701,Unserved,Home
1472552147,Coleman,31.81660192,-99.42220106,Unserved,Residential
1472552194,Coleman,31.96026838,-99.54206204,Unserved,Home
1472552239,Coleman,31.89606096,-99.40123996,Unserved,Residential
1472552266,Coleman,31.82753001,-99.42049588,Unserved,Home
1472552267,Coleman,31.82002136,-99.42921276,Unserved,Residential
1472552268,Coleman,31.82050731,-99.42922376,Unserved,Residential
1472552269,Coleman,31.82071133,-99.42923476,Unserved,Home
1472552270,Coleman,31.8204373,-99.43030187,Unserved,Residential
1472552293,Coleman,31.80903726,-99.42105694,Unserved,CAI
1472552294,Coleman,31.81115147,-99.41933477,Unserved,Home
1472552296,Coleman,31.82493775,-99.4176345,Unserved,Residential
1472552297,Coleman,31.82302766,-99.41986772,Unserved,Home
1472552299,Coleman,31.82298655,-99.41690643,Unserved,Residential
1472552304,Coleman,31.82421278,-99.42084082,Unserved,Home
1472552306,Coleman,31.82332169,-99.41945678,Unserved,Residential
1472552307,Coleman,31.82382764,-99.41690143,Unserved,Home
1472552308,Coleman,31.81578683,-99.42532837,Unserved,Residential
1472552314,Coleman,31.81486274,-99.42774051,Unserved,Residential
1472552315,Coleman,31.81480774,-99.42829066,Unserved,Home
1472552316,Coleman,31.81510787,-99.4286896,Unserved,Residential
1472552317,Coleman,31.81510687,-99.42751759,Unserved,CAI
1472552318,Coleman,31.81575883,-99.42676241,Unserved,Home
1472552319,Coleman,31.81504186,-99.42542338,Unserved,Residential
1472552320,Coleman,31.8154418,-99.42723456,Unserved,Home
1472552322,Coleman,31.82680194,-99.43113495,Unserved,Residential
1472552323,Coleman,31.82494875,-99.43127396,Unserved,Home
1472552324,Coleman,31.82531289,-99.43145198,Unserved,Residential
1472552325,Coleman,31.82494075,-99.4316289,Unserved,Home
1472552326,Coleman,31.82596685,-99.43441728,Unserved,Residential
1472552327,Coleman,31.82680094,-99.43459529,Unserved,Residential
1472552328,Coleman,31.82513887,-99.43477321,Unserved,Home
1472552360,Coleman,31.81993125,-99.42540138,Unserved,Residential
1472552367,Coleman,31.81804116,-99.4256563,Unserved,CAI
1472552368,Coleman,31.81804716,-99.42604544,Unserved,Home
1472552369,Coleman,31.82033039,-99.4266064,Unserved,Residential
1472552377,Coleman,31.82772703,-99.4256673,Unserved,Home
1472552378,Coleman,31.82793105,-99.42581232,Unserved,Residential
1472552379,Coleman,31.82869112,-99.42633447,Unserved,Home
1472552380,Coleman,31.82780004,-99.43049588,Unserved,Residential
1472552381,Coleman,31.82835119,-99.43050189,Unserved,Home
1472552382,Coleman,31.82858711,-99.43020186,Unserved,Residential
1472552383,Coleman,31.82865012,-99.43040688,Unserved,Residential
1472552384,Coleman,31.82763102,-99.42914575,Unserved,Home
1472552385,Coleman,31.82797605,-99.4296957,Unserved,Residential
1472552386,Coleman,31.82788604,-99.42943978,Unserved,CAI
1472552387,Coleman,31.82825218,-99.42906274,Unserved,Home
1472552388,Coleman,31.82851811,-99.42996273,Unserved,Residential
1472552389,Coleman,31.82859611,-99.4296177,Unserved,Home
1472552390,Coleman,31.82774803,-99.42757359,Unserved,Residential
1472552405,Coleman,31.82938729,-99.42853469,Unserved,Home
1472552407,Coleman,31.83487174,-99.42848968,Unserved,Residential
1472552428,Coleman,31.83513787,-99.42999073,Unserved,Home
1472552434,Coleman,31.83080234,-99.42008484,Unserved,Residential
1472552437,Coleman,31.83288154,-99.42870161,Unserved,Residential
1472552448,Coleman,31.81234159,-99.42770151,Unserved,Home
1472552449,Coleman,31.81238159,-99.42550139,Unserved,Residential
1472552450,Coleman,31.81258051,-99.42520636,Unserved,CAI
1472552451,Coleman,31.81415777,-99.42553439,Unserved,Home
1472552452,Coleman,31.81400676,-99.42543938,Unserved,Residential
1472552455,Coleman,31.81209056,-99.4266284,Unserved,Home
1472552456,Coleman,31.81411777,-99.42709054,Unserved,Residential
1472552457,Coleman,31.81394765,-99.4276235,Unserved,Home
1472552458,Coleman,31.81376763,-99.42715655,Unserved,Residential
1472552465,Coleman,31.81334769,-99.42770151,Unserved,Home
1472552466,Coleman,31.81312167,-99.42776751,Unserved,Residential
1472552467,Coleman,31.81328768,-99.42719055,Unserved,Residential
1472552468,Coleman,31.81398765,-99.4296907,Unserved,Home
1472552470,Coleman,31.81379863,-99.42827366,Unserved,Residential
1472552478,Coleman,31.8304373,-99.42987872,Unserved,CAI
1472552479,Coleman,31.83056131,-99.42941278,Unserved,Home
1472552480,Coleman,31.83070733,-99.4296677,Unserved,Residential
1472552481,Coleman,31.8304303,-99.43009584,Unserved,Home
1472552482,Coleman,31.83076733,-99.42871261,Unserved,Residential
1472552483,Coleman,31.83056731,-99.42873461,Unserved,Home
1472552537,Coleman,31.817447,-99.41090183,Unserved,Residential
1472552538,Coleman,31.81572183,-99.40889062,Unserved,Home
1472552539,Coleman,31.81775603,-99.40912875,Unserved,Residential
1472552540,Coleman,31.81756201,-99.41045188,Unserved,Residential
1472552542,Coleman,31.82381664,-99.42393913,Unserved,Home
1472552543,Coleman,31.8244067,-99.42349518,Unserved,Residential
1472552544,Coleman,31.82570183,-99.4236891,Unserved,CAI
1472552545,Coleman,31.82508086,-99.42389512,Unserved,Home
1472552546,Coleman,31.82426178,-99.42455629,Unserved,Residential
1472552547,Coleman,31.82404076,-99.42603944,Unserved,Home
1472552548,Coleman,31.82427778,-99.42588932,Unserved,Residential
1472552549,Coleman,31.82474173,-99.42502334,Unserved,Home
1472552550,Coleman,31.82592785,-99.42600144,Unserved,Residential
1472552551,Coleman,31.82566682,-99.42543938,Unserved,Home
1472552552,Coleman,31.82582684,-99.42483922,Unserved,Residential
1472552553,Coleman,31.82595185,-99.42504534,Unserved,Residential
1472552554,Coleman,31.82595785,-99.42443428,Unserved,Home
1472552555,Coleman,31.82582784,-99.42694543,Unserved,Residential
1472552556,Coleman,31.82582284,-99.4266844,Unserved,CAI
1472552557,Coleman,31.82617897,-99.4266844,Unserved,Home
1472552558,Coleman,31.82469672,-99.42702854,Unserved,Residential
1472552559,Coleman,31.82510087,-99.42649548,Unserved,Home
1472552560,Coleman,31.82522688,-99.4266394,Unserved,Residential
1472552561,Coleman,31.80821118,-99.42634547,Unserved,Home
1472552562,Coleman,31.8094972,-99.42550139,Unserved,Residential
1472552563,Coleman,31.80951121,-99.42696743,Unserved,Home
1472552564,Coleman,31.80999125,-99.42746758,Unserved,Residential
1472552565,Coleman,31.80952121,-99.42421226,Unserved,Residential
1472552570,Coleman,31.81398765,-99.41708954,Unserved,Home
1472552571,Coleman,31.81413277,-99.4186406,Unserved,Residential
1472552572,Coleman,31.81434079,-99.41853969,Unserved,CAI
1472552573,Coleman,31.81418777,-99.41750159,Unserved,Home
1472552574,Coleman,31.81364162,-99.41512335,Unserved,Residential
1472552575,Coleman,31.81406776,-99.41645648,Unserved,Home
1472552576,Coleman,31.81334769,-99.41449028,Unserved,Residential
1472552577,Coleman,31.81080634,-99.42940678,Unserved,Home
1472552578,Coleman,31.81161842,-99.42878461,Unserved,Residential
1472552579,Coleman,31.8134416,-99.42954579,Unserved,Home
1472552580,Coleman,31.8134676,-99.43051289,Unserved,Residential
1472552581,Coleman,31.8134586,-99.43014085,Unserved,Residential
1472552582,Coleman,31.81252151,-99.42976771,Unserved,Home
1472552583,Coleman,31.81252251,-99.42898463,Unserved,Residential
1472552584,Coleman,31.81255751,-99.42920176,Unserved,CAI
1472552585,Coleman,31.81229258,-99.42824066,Unserved,Home
1472552598,Coleman,31.8304413,-99.43585632,Unserved,Residential
1472552599,Coleman,31.82987124,-99.43705654,Unserved,Home
1472552601,Coleman,31.82833819,-99.43958479,Unserved,Residential
1472552604,Coleman,31.82885714,-99.44089082,Unserved,Home
1472552606,Coleman,31.83017037,-99.43952879,Unserved,Residential
1472552608,Coleman,31.82890115,-99.43957879,Unserved,Home
1472552610,Coleman,31.82980624,-99.43951779,Unserved,Residential
1472552611,Coleman,31.82860112,-99.43955679,Unserved,Residential
1472552612,Coleman,31.82760202,-99.43828466,Unserved,Home
1472552613,Coleman,31.82764702,-99.43741258,Unserved,Residential
1472552614,Coleman,31.82915727,-99.43724556,Unserved,CAI
1472552615,Coleman,31.82775603,-99.4366174,Unserved,Home
1472552616,Coleman,31.81139649,-99.41539537,Unserved,Residential
1472552617,Coleman,31.80987224,-99.41538437,Unserved,Home
1472552620,Coleman,31.81059031,-99.41740658,Unserved,Residential
1472552622,Coleman,31.81073133,-99.41708954,Unserved,Home
1472552623,Coleman,31.80977123,-99.41586732,Unserved,Residential
1472552624,Coleman,31.80998225,-99.41587332,Unserved,Home
1472552626,Coleman,31.81050731,-99.41576731,Unserved,Residential
1472552627,Coleman,31.81126748,-99.41795653,Unserved,Residential
1472552628,Coleman,31.81088034,-99.41871761,Unserved,Home
1472552629,Coleman,31.8094772,-99.41286702,Unserved,Residential
1472552630,Coleman,31.8114474,-99.41476721,Unserved,CAI
1472552631,Coleman,31.81090035,-99.4136951,Unserved,Home
1472552668,Coleman,31.82327168,-99.42879061,Unserved,Residential
1472552669,Coleman,31.82290755,-99.42857869,Underserved,Home
1472552670,Coleman,31.82251051,-99.42993973,Underserved,Residential
1472552671,Coleman,31.82170643,-99.42753959,Underserved,Home
1472552672,Coleman,31.8214474,-99.42841268,Underserved,Residential
1472552673,Coleman,31.8214564,-99.42853969,Underserved,Home
1472552674,Coleman,31.82259151,-99.42883462,Underserved,Residential
1472552675,Coleman,31.8224005,-99.42942878,Underserved,Residential
1472552676,Coleman,31.82230659,-99.42843968,Underserved,Home
1472552686,Coleman,31.80766102,-99.43024586,Underserved,Residential
1472552688,Coleman,31.80738109,-99.42813465,Underserved,CAI
1472552689,Coleman,31.80532189,-99.42682342,Underserved,Home
1472552690,Coleman,31.80757701,-99.42727856,Underserved,Residential
1472552691,Coleman,31.80717107,-99.43058989,Underserved,Home
1472552697,Coleman,31.80200656,-99.42849568,Underserved,Residential
1472552698,Coleman,31.80300666,-99.42591733,Underserved,Home
1472552700,Coleman,31.80326168,-99.4286346,Underserved,Residential
1472552701,Coleman,31.80251251,-99.42856269,Underserved,Home
1472552704,Coleman,31.80329668,-99.42500634,Underserved,Residential
1042934229,Coleman,31.81801816,-99.41137397,Underserved,Residential
1042934230,Coleman,31.8294102,-99.42883962,Underserved,Home
1042934234,Coleman,31.82836719,-99.41834567,Underserved,Residential
1042934243,Coleman,31.82791005,-99.42759559,Underserved,CAI
1042934249,Coleman,31.81933729,-99.43115695,Underserved,Home
1042934253,Coleman,31.81829718,-99.42683442,Underserved,Residential
1042934266,Coleman,31.82435179,-99.43183492,Underserved,Home
1042934270,Coleman,31.81464672,-99.42903974,Underserved,Residential
1042934272,Coleman,31.82431779,-99.43156799,Underserved,Home
1042934273,Coleman,31.81402276,-99.42034087,Underserved,Residential
1042934278,Coleman,31.80708106,-99.41696743,Underserved,Home
1042934280,Coleman,31.81469872,-99.41997373,Underserved,Residential
1042934305,Coleman,31.827467,-99.43248908,Underserved,Residential
1042934316,Coleman,31.82017637,-99.43371711,Underserved,Home
1042934320,Coleman,31.82588684,-99.43540638,Underserved,Residential
1042934323,Coleman,31.82212157,-99.43789052,Underserved,CAI
1042934333,Coleman,31.81378063,-99.4266394,Underserved,Home
1042934334,Coleman,31.81103646,-99.42953979,Underserved,Residential
1042934345,Coleman,31.82696895,-99.43384012,Underserved,Home
1042934348,Coleman,31.82658291,-99.43114095,Underserved,Residential
1042934353,Coleman,31.82393165,-99.4286566,Underserved,Home
1042934366,Coleman,31.82593785,-99.43116795,Underserved,Residential
1042934367,Coleman,31.82474673,-99.41750659,Underserved,Home
1042934369,Coleman,31.81662792,-99.41971271,Underserved,Residential
1042934370,Coleman,31.82172743,-99.43204504,Underserved,Residential
1042934373,Coleman,31.8234216,-99.43180192,Underserved,Home
1042934374,Coleman,31.81175743,-99.42904574,Underserved,Residential
1042934378,Coleman,31.85814817,-99.41485122,Underserved,CAI
1042934379,Coleman,31.81433179,-99.42974571,Underserved,Home
1042934383,Coleman,31.84110047,-99.43422826,Underserved,Residential
1042934392,Coleman,31.81506086,-99.42639547,Underserved,Home
1042934394,Coleman,31.82836219,-99.41955179,Underserved,Residential
1042934396,Coleman,31.81256851,-99.4276845,Underserved,Home
1042934405,Coleman,31.81576783,-99.41409024,Underserved,Residential
1042934417,Coleman,31.82487174,-99.42705654,Underserved,Home
1042934434,Coleman,31.8294112,-99.42922376,Underserved,Residential
1042934438,Coleman,31.81712007,-99.41573931,Underserved,Residential
1042934439,Coleman,31.82517087,-99.42920676,Underserved,Home
1042934447,Coleman,31.81515787,-99.42049088,Underserved,Residential
1042934460,Coleman,32.07223058,-99.20989572,Underserved,CAI
1042934462,Coleman,31.81260752,-99.42718955,Underserved,Home
1042934464,Coleman,31.81576783,-99.4276455,Underserved,Residential
1042934467,Coleman,31.81510687,-99.42271701,Underserved,Home
1042934470,Coleman,31.81921228,-99.41607344,Underserved,Residential
1042934471,Coleman,31.81750101,-99.42974571,Underserved,Home
1042934472,Coleman,31.81369762,-99.41630147,Underserved,Residential
1042934474,Coleman,31.82474173,-99.43206704,Underserved,Home
1042934475,Coleman,31.82383664,-99.43110695,Underserved,Residential
1042934481,Coleman,31.81479673,-99.4286956,Underserved,Residential
1042934489,Coleman,31.81654791,-99.41677841,Underserved,Home
1042934490,Coleman,31.81874613,-99.4186286,Underserved,Residential
1042934491,Coleman,31.82834719,-99.42003484,Underserved,CAI
1042934497,Coleman,31.82627798,-99.43273401,Underserved,Home
1042934502,Coleman,31.8094372,-99.4086676,Underserved,Residential
1042934506,Coleman,31.81953021,-99.41520636,Underserved,Home
1042934507,Coleman,31.82092135,-99.4186016,Underserved,Residential
1042934508,Coleman,31.83073233,-99.43247308,Underserved,Home
1042934511,Coleman,31.827431,-99.42549038,Underserved,Residential
1042934518,Coleman,31.81836119,-99.42875661,Underserved,Home
1042934534,Coleman,31.81872213,-99.41927376,Underserved,Residential
1042934537,Coleman,31.80902026,-99.43152899,Underserved,Residential
1042934542,Coleman,31.82985824,-99.43488422,Underserved,Home
1042934545,Coleman,31.81881814,-99.42238407,Underserved,Residential
1042934549,Coleman,31.8434116,-99.4296127,Underserved,CAI
1042934553,Coleman,31.82313667,-99.42742858,Underserved,Home
1042934555,Coleman,31.84661792,-99.41473421,Underserved,Residential
1042934558,Coleman,31.81747,-99.41970671,Underserved,Home
1042934562,Coleman,31.81293755,-99.42909074,Underserved,Residential
1042934565,Coleman,31.81700606,-99.41670641,Underserved,Home
1042934566,Coleman,31.82313267,-99.42546238,Underserved,Residential
1042934567,Coleman,31.80783804,-99.41678441,Underserved,Home
1042934573,Coleman,31.80082134,-99.4146902,Underserved,Residential
1042934575,Coleman,31.82882714,-99.43938977,Underserved,Residential
1042934576,Coleman,31.82693895,-99.43444028,Underserved,Home
1042934578,Coleman,31.81836619,-99.42583932,Underserved,Residential
1042934596,Coleman,31.81336869,-99.41737357,Underserved,CAI
1042934611,Coleman,31.82504286,-99.42338417,Underserved,Home
1042934640,Coleman,31.82135249,-99.42218405,Underserved,Residential
1042934642,Coleman,31.82583184,-99.42353419,Underserved,Home
1042934643,Coleman,31.83291255,-99.42894063,Underserved,Residential
1042934647,Coleman,31.82652091,-99.42933977,Underserved,Home
1042934649,Coleman,31.81472173,-99.4296567,Underserved,Residential
1042934650,Coleman,31.81873213,-99.42706254,Underserved,Home
1042934654,Coleman,31.81291755,-99.43059089,Underserved,Residential
1042934655,Coleman,31.81988024,-99.42270601,Underserved,Residential
1042934657,Coleman,31.80901226,-99.40748458,Underserved,Home
1042934667,Coleman,31.82471673,-99.41780652,Underserved,Residential
1042934673,Coleman,31.82761802,-99.41845168,Underserved,CAI
1042934682,Coleman,31.81381164,-99.42646748,Underserved,Home
1042934688,Coleman,31.81430879,-99.41948478,Underserved,Residential
1042934697,Coleman,31.98553081,-99.63090683,Underserved,Home
1042934701,Coleman,31.81820718,-99.4176345,Underserved,Residential
1042934706,Coleman,31.8284671,-99.43994573,Underserved,Home
1042934707,Coleman,31.81454171,-99.41451229,Underserved,Residential
1042934711,Coleman,31.82761102,-99.42757859,Underserved,Home
1042934715,Coleman,31.81036239,-99.40884062,Underserved,Residential
1042934717,Coleman,31.8204683,-99.41748458,Underserved,Residential
1042934721,Coleman,31.81370063,-99.41579531,Underserved,Home
1042934726,Coleman,31.81832019,-99.43012885,Underserved,Residential
1042934733,Coleman,31.81616197,-99.41901274,Underserved,CAI
1042934736,Coleman,31.82213757,-99.42643448,Underserved,Home
1042934737,Coleman,31.83027738,-99.4306678,Underserved,Residential
1042934739,Coleman,31.81212057,-99.42582832,Underserved,Home
1042934740,Coleman,31.81700606,-99.41772851,Underserved,Residential
1042934750,Coleman,31.81611897,-99.42214005,Underserved,Home
1042934754,Coleman,31.81215757,-99.42539037,Underserved,Residential
1042934761,Coleman,31.82493175,-99.4276455,Underserved,Home
1042934762,Coleman,31.817481,-99.41945678,Underserved,Residential
1042934771,Coleman,31.82865212,-99.41927376,Underserved,Residential
1042934772,Coleman,31.82937129,-99.42955679,Underserved,Home
1042934776,Coleman,31.82219757,-99.4186906,Underserved,Residential
1042934781,Coleman,31.84662892,-99.4136401,Underserved,CAI
1042934787,Coleman,31.81788604,-99.42680642,Underserved,Home
1042934792,Coleman,31.81223258,-99.39806264,Underserved,Residential
1042934793,Coleman,31.81480074,-99.422695,Underserved,Home
1042934795,Coleman,31.81914627,-99.41633947,Underserved,Residential
1042934799,Coleman,31.82627798,-99.43214505,Underserved,Home
1042934806,Coleman,31.84277853,-99.43306214,Underserved,Residential
1042934808,Coleman,31.81960022,-99.42050689,Underserved,Home
1042934814,Coleman,31.84561882,-99.40956279,Underserved,Residential
1042934822,Coleman,31.81558781,-99.41757859,Underserved,Residential
1042934827,Coleman,31.88134649,-99.40400624,Underserved,Home
1042934829,Coleman,31.81314267,-99.41534037,Underserved,Residential
1042934830,Coleman,31.8144717,-99.43152399,Underserved,CAI
1042934831,Coleman,31.81061132,-99.42959079,Underserved,Home
1042934832,Coleman,31.81625198,-99.42684542,Underserved,Residential
1042934835,Coleman,31.82880114,-99.43027886,Underserved,Home
1042934840,Coleman,31.8164409,-99.42272801,Underserved,Residential
1042934843,Coleman,31.80954721,-99.41557839,Underserved,Home
1042934848,Coleman,31.84405876,-99.41046288,Underserved,Residential
1042934850,Coleman,31.81938729,-99.43247808,Underserved,Home
1042934854,Coleman,31.81606196,-99.4186896,Underserved,Residential
1042934858,Coleman,31.89552281,-99.40504034,Underserved,Residential
1042934860,Coleman,31.81557181,-99.41718955,Underserved,Home
1042934861,Coleman,31.81663792,-99.41570131,Underserved,Residential
1042934865,Coleman,31.76313167,-99.41726756,Underserved,CAI
1042934866,Coleman,31.89698095,-99.39742858,Underserved,Home
1042934868,Coleman,31.81457771,-99.42274501,Underserved,Residential
1042934878,Coleman,31.82937729,-99.43736757,Underserved,Home
1042934881,Coleman,31.83081134,-99.432656,Underserved,Residential
1042934898,Coleman,31.82264152,-99.42782352,Underserved,Home
1042934901,Coleman,31.8134166,-99.42943978,Underserved,Residential
1042934912,Coleman,31.81708606,-99.41801764,Underserved,Home
1042934913,Coleman,31.81902126,-99.4196347,Underserved,Residential
1042934915,Coleman,31.8154728,-99.42686242,Underserved,Residential
1042934925,Coleman,31.81897715,-99.4216129,Underserved,Home
1042934927,Coleman,31.81892715,-99.42251209,Underserved,Residential
1042934930,Coleman,31.84699095,-99.43700654,Underserved,CAI
1042934932,Coleman,31.82608796,-99.42649048,Underserved,Home
1042934935,Coleman,31.81560182,-99.41737857,Underserved,Residential
1042934936,Coleman,31.82835619,-99.41800664,Underserved,Home
1042934942,Coleman,31.9684311,-99.61889062,Underserved,Residential
1042934955,Coleman,31.81652891,-99.41806264,Underserved,Home
1042934956,Coleman,31.81394765,-99.4186786,Underserved,Residential
1042934959,Coleman,31.81316067,-99.4156173,Underserved,Home
1042934969,Coleman,31.8214714,-99.4216239,Underserved,Residential
1042934972,Coleman,31.81472873,-99.41678441,Underserved,Residential
1042934973,Coleman,31.81494275,-99.41804064,Underserved,Home
1042934989,Coleman,31.82264652,-99.4396957,Underserved,Residential
1042934994,Coleman,31.82180744,-99.42677841,Underserved,CAI
1042935001,Coleman,31.82653191,-99.43430127,Underserved,Home
1042935009,Coleman,31.81367162,-99.41607844,Underserved,Residential
1042935010,Coleman,31.81742,-99.42873961,Underserved,Home
1042935012,Coleman,31.82521288,-99.43005184,Underserved,Residential
1042935015,Coleman,31.82609196,-99.4236891,Underserved,Home
1042935032,Coleman,31.81921828,-99.41927376,Underserved,Residential
1042935039,Coleman,31.82385764,-99.41634547,Underserved,Home
1042935043,Coleman,31.82092835,-99.42548438,Underserved,Residential
1042935045,Coleman,31.81660892,-99.4216629,Underserved,Residential
1042935048,Coleman,31.81361762,-99.42032387,Underserved,Home
1042935049,Coleman,31.82416277,-99.42336217,Underserved,Residential
1042935054,Coleman,31.80612197,-99.41701254,Underserved,CAI
1042935060,Coleman,31.81873113,-99.4256343,Underserved,Home
1042935061,Coleman,31.83075733,-99.42854569,Underserved,Residential
1042935065,Coleman,31.81168242,-99.39928476,Underserved,Home
1042935066,Coleman,31.81216157,-99.4286126,Underserved,Residential
1042935077,Coleman,31.81833819,-99.422651,Underserved,Home
1042935078,Coleman,31.83024238,-99.43037387,Underserved,Residential
1042935085,Coleman,31.82970223,-99.4306628,Underserved,Home
1042935089,Coleman,31.81702806,-99.42124096,Underserved,Residential
1042935101,Coleman,31.817492,-99.42535137,Underserved,Residential
1042935108,Coleman,31.82175743,-99.41838967,Underserved,Home
1042935112,Coleman,31.8194962,-99.42929576,Underserved,Residential
1042935115,Coleman,31.82335769,-99.41728956,Underserved,CAI
1042935117,Coleman,31.82167842,-99.43744058,Underserved,Home
1042935120,Coleman,31.81788704,-99.42540138,Underserved,Residential
1042935122,Coleman,31.83080634,-99.43149598,Underserved,Home
1042935125,Coleman,31.82907226,-99.43378411,Underserved,Residential
1042935128,Coleman,31.82132149,-99.43932377,Underserved,Home
1042935137,Coleman,31.8304473,-99.43030187,Underserved,Residential
1042935138,Coleman,31.8224685,-99.42545138,Underserved,Home
1042935140,Coleman,31.8134586,-99.42827366,Underserved,Residential
1042935141,Coleman,31.81827718,-99.42935677,Underserved,Residential
1042935142,Coleman,31.82794105,-99.43041288,Underserved,Home
1042935145,Coleman,31.82468072,-99.42940678,Underserved,Residential
1042935154,Coleman,31.81381164,-99.42904574,Underserved,CAI
1042935155,Coleman,31.81380264,-99.42535137,Underserved,Home
1042935159,Coleman,31.81604896,-99.41848468,Underserved,Residential
1042935161,Coleman,31.81078733,-99.43007884,Underserved,Home
1042935162,Coleman,31.82939729,-99.42781252,Underserved,Residential
1042935173,Coleman,31.82208756,-99.43692343,Underserved,Home
1042935176,Coleman,31.81475073,-99.42741758,Underserved,Residential
1042935178,Coleman,31.82214757,-99.4206898,Underserved,Home
1042935186,Coleman,31.82385864,-99.42646248,Underserved,Residential
1042935188,Coleman,31.81921628,-99.43202804,Underserved,Residential
1042935190,Coleman,31.81664792,-99.42273401,Underserved,Home
1042935192,Coleman,31.82702706,-99.41893463,Underserved,Residential
1042935195,Coleman,31.83001036,-99.43321716,Underserved,CAI
1042935197,Coleman,31.8204913,-99.42701254,Underserved,Home
1042935199,Coleman,31.82261852,-99.42846268,Underserved,Residential
1042935208,Coleman,31.81069032,-99.41532837,Underserved,Home
1042935210,Coleman,31.80850111,-99.41721256,Underserved,Residential
1042935211,Coleman,31.82980224,-99.43787352,Underserved,Home
1042935213,Coleman,31.82612897,-99.42934077,Underserved,Residential
1042935222,Coleman,31.81208156,-99.42753459,Underserved,Home
1042935231,Coleman,31.82579083,-99.42103994,Underserved,Residential
1042935233,Coleman,31.81917027,-99.42022886,Underserved,Residential
1042935234,Coleman,31.82131249,-99.42555139,Underserved,Home
1042935243,Coleman,31.81608096,-99.42253909,Underserved,Residential
1042935250,Coleman,31.82612797,-99.42549038,Underserved,CAI
1042935251,Coleman,31.81476673,-99.41971771,Underserved,Home
1042935254,Coleman,31.82492775,-99.41781252,Underserved,Residential
1042935256,Coleman,31.82792105,-99.43341218,Underserved,Home
1042935257,Coleman,31.81334169,-99.41713455,Underserved,Residential
1042935261,Coleman,31.82564282,-99.42347318,Underserved,Home
1042935262,Coleman,31.73596885,-99.68394013,Underserved,Residential
1042935275,Coleman,31.80511087,-99.42533937,Underserved,Home
1042935280,Coleman,31.817467,-99.42004584,Underserved,Residential
1042935285,Coleman,31.82534189,-99.43417825,Underserved,Residential
1042935286,Coleman,31.82654091,-99.4296957,Underserved,Home
1042935293,Coleman,31.81959721,-99.41742358,Underserved,Residential
1042935302,Coleman,31.82921128,-99.43521236,Underserved,CAI
1042935303,Coleman,31.84227158,-99.43146798,Underserved,Home
1042935310,Coleman,31.82000036,-99.43011785,Underserved,Residential
1042935316,Coleman,31.81837219,-99.42647348,Underserved,Home
1042935320,Coleman,31.82581884,-99.42805164,Underserved,Residential
1042935328,Coleman,31.81786204,-99.41945178,Underserved,Home
1042935334,Coleman,31.82297655,-99.43001784,Underserved,Residential
1042935345,Coleman,31.81899615,-99.41313915,Underserved,Home
1042935351,Coleman,31.82699295,-99.4306738,Underserved,Residential
1042935358,Coleman,31.8204173,-99.42574531,Underserved,Residential
1042935361,Coleman,31.82127848,-99.4306518,Underserved,Home
1042935364,Coleman,31.77763702,-99.712645,Underserved,Residential
1042935373,Coleman,31.81314167,-99.43004584,Underserved,CAI
1042935378,Coleman,31.81475773,-99.43004584,Underserved,Home
1042935387,Coleman,31.81422178,-99.42535637,Underserved,Residential
1042935393,Coleman,31.81910027,-99.4286396,Underserved,Home
1042935395,Coleman,31.82519687,-99.42701754,Underserved,Residential
1042935401,Coleman,31.81482174,-99.41945678,Underserved,Home
1042935403,Coleman,31.82558781,-99.42849068,Underserved,Residential
1042935411,Coleman,31.82704706,-99.43119095,Underserved,Home
1042935414,Coleman,31.80977023,-99.42639547,Underserved,Residential
1042935426,Coleman,31.82611297,-99.42484022,Underserved,Residential
1042935427,Coleman,31.82654091,-99.42583932,Underserved,Home
1042935429,Coleman,31.8134326,-99.42687342,Underserved,Residential
1042935431,Coleman,31.82339069,-99.43993973,Underserved,CAI
1042935437,Coleman,31.81435879,-99.42124096,Underserved,Home
1042935442,Coleman,31.81960022,-99.42159599,Underserved,Residential
1042935444,Coleman,31.82929228,-99.4356843,Underserved,Home
1042935445,Coleman,31.81699195,-99.41826766,Underserved,Residential
1042935451,Coleman,31.82210157,-99.42750159,Underserved,Home
1042935460,Coleman,31.81578683,-99.42691743,Underserved,Residential
1042935472,Coleman,31.82001636,-99.42993973,Underserved,Home
1042935475,Coleman,31.817496,-99.41143998,Underserved,Residential
1042935476,Coleman,31.82559181,-99.42875661,Underserved,Residential
1042935479,Coleman,31.82261152,-99.43745658,Underserved,Home
1042935482,Coleman,31.82260252,-99.42937377,Underserved,Residential
1042935486,Coleman,31.81783804,-99.42647348,Underserved,CAI
1042935487,Coleman,31.81876613,-99.41810665,Underserved,Home
1042935491,Coleman,31.81750101,-99.4176905,Underserved,Residential
1042935492,Coleman,31.81335769,-99.42811265,Underserved,Home
1042935495,Coleman,31.81837719,-99.42536737,Underserved,Residential
1042935502,Coleman,31.81999225,-99.4306628,Underserved,Home
1042935506,Coleman,31.82572883,-99.43576231,Underserved,Residential
1042935510,Coleman,31.82312267,-99.42974071,Underserved,Home
1042935514,Coleman,31.81597785,-99.41670141,Underserved,Residential
1042935527,Coleman,31.81001236,-99.39735157,Underserved,Residential
1042935532,Coleman,31.81923228,-99.42215105,Underserved,Home
1042935538,Coleman,31.82266152,-99.42643448,Underserved,Residential
1042935546,Coleman,31.82586884,-99.43944078,Underserved,CAI
1042935548,Coleman,31.82530789,-99.43397813,Underserved,Home
1042935556,Coleman,31.80666192,-99.41693443,Underserved,Residential
1042935558,Coleman,31.82696295,-99.43244008,Underserved,Home
1042935564,Coleman,31.82515887,-99.41656249,Underserved,Residential
1042935565,Coleman,31.82568682,-99.43239507,Underserved,Home
1042935567,Coleman,31.98667192,-99.62130197,Underserved,Residential
1042935568,Coleman,31.82534089,-99.43359519,Underserved,Home
1042935574,Coleman,31.82660192,-99.43269,Underserved,Residential
1042935578,Coleman,31.82477673,-99.42851769,Underserved,Residential
1042935584,Coleman,31.81305766,-99.43154599,Underserved,Home
1042935589,Coleman,31.80665092,-99.41723956,Underserved,Residential
1042935591,Coleman,31.82252251,-99.43587332,Underserved,CAI
1042935602,Coleman,31.8114284,-99.42954079,Underserved,Home
1042935603,Coleman,31.82797605,-99.42909574,Underserved,Residential
1042935604,Coleman,31.82087034,-99.43043988,Underserved,Home
1042935612,Coleman,31.827458,-99.43037387,Underserved,Residential
1042935616,Coleman,31.82525888,-99.43207304,Underserved,Home
1042935620,Coleman,31.80654191,-99.41747858,Underserved,Residential
1042935626,Coleman,31.82982124,-99.43181292,Underserved,Home
1042935628,Coleman,31.81852711,-99.41478921,Underserved,Residential
1042935637,Coleman,31.8104173,-99.43009084,Underserved,Residential
